"submitted_name","accepted_name","Kingdom","Phylum","Class","Order","Family","Genus"
"Agaricus essettei","Agaricus sylvicola","Fungi","Basidiomycota","Agaricomycetes","Agaricales","Agaricaceae","Agaricus"
"Agaricus semotus","Agaricus semotus","Fungi","Basidiomycota","Agaricomycetes","Agaricales","Agaricaceae","Agaricus"
"Agrocybe erebia","Cyclocybe erebia","Fungi","Basidiomycota","Agaricomycetes","Agaricales","Tubariaceae","Cyclocybe"
"Alternaria alternata","Alternaria alternata","Fungi","Ascomycota","Dothideomycetes","Pleosporales","Pleosporaceae","Alternaria"
"Alternaria sp",NA,"Fungi","Ascomycota","Dothideomycetes","Pleosporales","Pleosporaceae","Alternaria"
"Amanita ceciliae","Amanita ceciliae","Fungi","Basidiomycota","Agaricomycetes","Agaricales","Amanitaceae","Amanita"
"Amanita pantherina","Amanita pantherina","Fungi","Basidiomycota","Agaricomycetes","Agaricales","Amanitaceae","Amanita"
"Amanita rubescens","Amanita rubescens","Fungi","Basidiomycota","Agaricomycetes","Agaricales","Amanitaceae","Amanita"
"Ampulloclitocybe clavipes","Ampulloclitocybe clavipes","Fungi","Basidiomycota","Agaricomycetes","Agaricales","Hygrophoraceae","Ampulloclitocybe"
"Armillaria cepistipes","Armillaria cepistipes","Fungi","Basidiomycota","Agaricomycetes","Agaricales","Physalacriaceae","Armillaria"
"Articulospora tetracladia","Hymenoscyphus tetracladius","Fungi","Ascomycota","Leotiomycetes","Helotiales","Helotiaceae","Hymenoscyphus"
"Aureobasidium pullulans","Aureobasidium pullulans","Fungi","Ascomycota","Dothideomycetes","Dothideales","Saccotheciaceae","Aureobasidium"
"Boeremia exigua","Boeremia exigua","Fungi","Ascomycota","Dothideomycetes","Pleosporales","Didymellaceae","Boeremia"
"Botrytis aclada","Botrytis aclada","Fungi","Ascomycota","Leotiomycetes","Helotiales","Sclerotiniaceae","Botrytis"
"Botrytis calthae","Botryotinia calthae","Fungi","Ascomycota","Leotiomycetes","Helotiales","Sclerotiniaceae","Botryotinia"
"Botrytis cinerea","Botrytis cinerea","Fungi","Ascomycota","Leotiomycetes","Helotiales","Sclerotiniaceae","Botrytis"
"Botrytis paeoniae","Botrytis paeoniae","Fungi","Ascomycota","Leotiomycetes","Helotiales","Sclerotiniaceae","Botrytis"
"Botrytis porri","Botryotinia porri","Fungi","Ascomycota","Leotiomycetes","Helotiales","Sclerotiniaceae","Botryotinia"
"Botrytis pseudocinerea","Botrytis pseudocinerea","Fungi","Ascomycota","Leotiomycetes","Helotiales","Sclerotiniaceae","Botrytis"
"Botrytis ranunculi","Botryotinia ranunculi","Fungi","Ascomycota","Leotiomycetes","Helotiales","Sclerotiniaceae","Botryotinia"
"Calocera cornea","Calocera cornea","Fungi","Basidiomycota","Dacrymycetes","Dacrymycetales","Dacrymycetaceae","Calocera"
"Chaetomium sp",NA,"Fungi","Ascomycota","Sordariomycetes","Sordariales","Chaetomiaceae","Chaetomium"
"Chloridium sp",NA,"Fungi","Ascomycota","Sordariomycetes","Chaetosphaeriales","Chaetosphaeriaceae","Chloridium"
"Cladosporium cladosporioides","Cladosporium cladosporioides","Fungi","Ascomycota","Dothideomycetes","Capnodiales","Cladosporiaceae","Cladosporium"
"Cladosporium sp",NA,"Fungi","Ascomycota","Dothideomycetes","Capnodiales","Cladosporiaceae","Cladosporium"
"Clavariadelphus pistillaris","Clavariadelphus pistillaris","Fungi","Basidiomycota","Agaricomycetes","Gomphales","Clavariadelphaceae","Clavariadelphus"
"Clavulina cinerea","Clavulina cinerea","Fungi","Basidiomycota","Agaricomycetes","Cantharellales","Hydnaceae","Clavulina"
"Clitocybe gibba","Infundibulicybe gibba","Fungi","Basidiomycota","Agaricomycetes","Agaricales","Tricholomataceae","Infundibulicybe"
"Clitocybe metachroa","Clitocybe metachroa","Fungi","Basidiomycota","Agaricomycetes","Agaricales","Tricholomataceae","Clitocybe"
"Clitocybe umbilicata","Clitocybe umbilicata","Fungi","Basidiomycota","Agaricomycetes","Agaricales","Tricholomataceae","Clitocybe"
"Colletotrichum capsici","Colletotrichum truncatum","Fungi","Ascomycota","Sordariomycetes","Glomerellales","Glomerellaceae","Colletotrichum"
"Colletotrichum cingulata",NA,"Fungi","Ascomycota","Dothideomycetes","Botryosphaeriales","Botryosphaeriaceae","Colletotrichum"
"Colletotrichum coccodes","Colletotrichum coccodes","Fungi","Ascomycota","Sordariomycetes","Glomerellales","Glomerellaceae","Colletotrichum"
"Colletotrichum destructivum","Colletotrichum destructivum","Fungi","Ascomycota","Sordariomycetes","Glomerellales","Glomerellaceae","Colletotrichum"
"Colletotrichum gloeosporioides","Colletotrichum gloeosporioides","Fungi","Ascomycota","Sordariomycetes","Glomerellales","Glomerellaceae","Colletotrichum"
"Colletotrichum graminicola","Colletotrichum graminicola","Fungi","Ascomycota","Sordariomycetes","Glomerellales","Glomerellaceae","Colletotrichum"
"Colletotrichum higginsianum","Colletotrichum higginsianum","Fungi","Ascomycota","Sordariomycetes","Glomerellales","Glomerellaceae","Colletotrichum"
"Colletotrichum lagenarium","Gloeosporium orbiculare","Fungi","Ascomycota","Leotiomycetes","Helotiales","Drepanopezizaceae","Gloeosporium"
"Colletotrichum linicola","Colletotrichum linicola","Fungi","Ascomycota","Sordariomycetes","Glomerellales","Glomerellaceae","Colletotrichum"
"Colletotrichum malvarum","Colletotrichum malvarum","Fungi","Ascomycota","Sordariomycetes","Glomerellales","Glomerellaceae","Colletotrichum"
"Colletotrichum trifolii","Colletotrichum trifolii","Fungi","Ascomycota","Sordariomycetes","Glomerellales","Glomerellaceae","Colletotrichum"
"Colletotrichum truncatum","Colletotrichum truncatum","Fungi","Ascomycota","Sordariomycetes","Glomerellales","Glomerellaceae","Colletotrichum"
"Collybia confluens","Collybiopsis confluens","Fungi","Basidiomycota","Agaricomycetes","Agaricales","Omphalotaceae","Collybiopsis"
"Collybia peronata","Collybiopsis peronata","Fungi","Basidiomycota","Agaricomycetes","Agaricales","Omphalotaceae","Collybiopsis"
"Coprinopsis lagopus","Coprinopsis lagopus","Fungi","Basidiomycota","Agaricomycetes","Agaricales","Psathyrellaceae","Coprinopsis"
"Coprinus atramentarius","Coprinopsis atramentaria","Fungi","Basidiomycota","Agaricomycetes","Agaricales","Psathyrellaceae","Coprinopsis"
"Coprinus micaceus","Coprinellus micaceus","Fungi","Basidiomycota","Agaricomycetes","Agaricales","Psathyrellaceae","Coprinellus"
"Coprinus picaceus","Coprinopsis picacea","Fungi","Basidiomycota","Agaricomycetes","Agaricales","Psathyrellaceae","Coprinopsis"
"Cosmospora sp",NA,"Fungi","Ascomycota","Sordariomycetes","Hypocreales","Nectriaceae","Cosmospora"
"Craterellus cornucopioides","Craterellus cornucopioides","Fungi","Basidiomycota","Agaricomycetes","Cantharellales","Hydnaceae","Craterellus"
"Craterellus sinuosus","Craterellus undulatus","Fungi","Basidiomycota","Agaricomycetes","Cantharellales","Hydnaceae","Craterellus"
"Crepidotus cesatii","Crepidotus cesatii","Fungi","Basidiomycota","Agaricomycetes","Agaricales","Crepidotaceae","Crepidotus"
"Cryptococcus cistialbidi","Dimennazyma cisti-albidi","Fungi","Basidiomycota","Tremellomycetes","Tremellales","Naemateliaceae","Dimennazyma"
"Cyathus striatus","Cyathus striatus","Fungi","Basidiomycota","Agaricomycetes","Agaricales","Agaricaceae","Cyathus"
"Cystolepiota bucknallii","Cystolepiota bucknallii","Fungi","Basidiomycota","Agaricomycetes","Agaricales","Agaricaceae","Cystolepiota"
"Cystolepiota seminuda","Cystolepiota seminuda","Fungi","Basidiomycota","Agaricomycetes","Agaricales","Agaricaceae","Cystolepiota"
"Dermocybe olivaceopicta","Cortinarius olivaceopictus","Fungi","Basidiomycota","Agaricomycetes","Agaricales","Cortinariaceae","Cortinarius"
"Entoloma nidorosum","Entoloma rhodopolium","Fungi","Basidiomycota","Agaricomycetes","Agaricales","Entolomataceae","Entoloma"
"Entoloma placidum","Entoloma placidum","Fungi","Basidiomycota","Agaricomycetes","Agaricales","Entolomataceae","Entoloma"
"Erysiphe necator","Erysiphe necator","Fungi","Ascomycota","Leotiomycetes","Helotiales","Erysiphaceae","Erysiphe"
"Fusarium ",NA,"Fungi","Ascomycota","Leotiomycetes","Helotiales","Dermateaceae","Fusarium"
"Fusarium acuminatum","Fusarium acuminatum","Fungi","Ascomycota","Sordariomycetes","Hypocreales","Nectriaceae","Fusarium"
"Fusarium avenaceum","Fusarium avenaceum","Fungi","Ascomycota","Sordariomycetes","Hypocreales","Nectriaceae","Fusarium"
"Fusarium chlamydosporum","Fusarium chlamydosporum","Fungi","Ascomycota","Sordariomycetes","Hypocreales","Nectriaceae","Fusarium"
"Fusarium commune","Fusarium commune","Fungi","Ascomycota","Sordariomycetes","Hypocreales","Nectriaceae","Fusarium"
"Fusarium culmorum","Fusarium culmorum","Fungi","Ascomycota","Sordariomycetes","Hypocreales","Nectriaceae","Fusarium"
"Fusarium equiseti","Fusarium equiseti","Fungi","Ascomycota","Sordariomycetes","Hypocreales","Nectriaceae","Fusarium"
"Fusarium fujikuroi","Fusarium fujikuroi","Fungi","Ascomycota","Sordariomycetes","Hypocreales","Nectriaceae","Fusarium"
"Fusarium graminearum","Fusarium graminearum","Fungi","Ascomycota","Sordariomycetes","Hypocreales","Nectriaceae","Fusarium"
"Fusarium langsethiae","Fusarium langsethiae","Fungi","Ascomycota","Sordariomycetes","Hypocreales","Nectriaceae","Fusarium"
"Fusarium oxysporum","Fusarium oxysporum","Fungi","Ascomycota","Sordariomycetes","Hypocreales","Nectriaceae","Fusarium"
"Fusarium redolens","Fusarium redolens","Fungi","Ascomycota","Sordariomycetes","Hypocreales","Nectriaceae","Fusarium"
"Fusarium sp",NA,"Fungi","Ascomycota","Leotiomycetes","Helotiales","Dermateaceae","Fusarium"
"Fusarium sporotrichioides","Fusarium sporotrichioides","Fungi","Ascomycota","Sordariomycetes","Hypocreales","Nectriaceae","Fusarium"
"Fusarium verticillioides","Fusarium fujikuroi","Fungi","Ascomycota","Sordariomycetes","Hypocreales","Nectriaceae","Fusarium"
"Gaeumannomyces tritici","Gaeumannomyces tritici","Fungi","Ascomycota","Sordariomycetes","Magnaporthales","Magnaporthaceae","Gaeumannomyces"
"Galerina marginata","Galerina marginata","Fungi","Basidiomycota","Agaricomycetes","Agaricales","Hymenogastraceae","Galerina"
"Gibellulopsis nigrescens","Gibellulopsis nigrescens","Fungi","Ascomycota","Sordariomycetes","Glomerellales","Plectosphaerellaceae","Gibellulopsis"
"Gliomastix murorum","Acremonium murorum","Fungi","Ascomycota","Sordariomycetes","Hypocreales","Bionectriaceae","Acremonium"
"Gymnopus aquosus","Gymnopus aquosus","Fungi","Basidiomycota","Agaricomycetes","Agaricales","Omphalotaceae","Gymnopus"
"Hebeloma sinapizans","Hebeloma sinapizans","Fungi","Basidiomycota","Agaricomycetes","Agaricales","Hymenogastraceae","Hebeloma"
"Humaria hemisphaerica","Humaria hemisphaerica","Fungi","Ascomycota","Pezizomycetes","Pezizales","Pyronemataceae","Humaria"
"Hygrophorus chrysaspis","Hygrophorus discoxanthus","Fungi","Basidiomycota","Agaricomycetes","Agaricales","Hygrophoraceae","Hygrophorus"
"Hygrophorus discoxanthus","Hygrophorus discoxanthus","Fungi","Basidiomycota","Agaricomycetes","Agaricales","Hygrophoraceae","Hygrophorus"
"Hypholoma fasciculare","Hypholoma fasciculare","Fungi","Basidiomycota","Agaricomycetes","Agaricales","Strophariaceae","Hypholoma"
"Ilyonectria sp",NA,"Fungi","Ascomycota","Sordariomycetes","Hypocreales","Nectriaceae","Ilyonectria"
"Inocybe asterospora","Inocybe asterospora","Fungi","Basidiomycota","Agaricomycetes","Agaricales","Inocybaceae","Inocybe"
"Inocybe cervicolor","Inosperma cervicolor","Fungi","Basidiomycota","Agaricomycetes","Agaricales","Inocybaceae","Inosperma"
"Inocybe lilacina","Inocybe geophylla","Fungi","Basidiomycota","Agaricomycetes","Agaricales","Inocybaceae","Inocybe"
"Inocybe petiginosa","Inocybe petiginosa","Fungi","Basidiomycota","Agaricomycetes","Agaricales","Inocybaceae","Inocybe"
"Kuehneromyces mutabilis","Kuehneromyces mutabilis","Fungi","Basidiomycota","Agaricomycetes","Agaricales","Strophariaceae","Kuehneromyces"
"Laccaria amethystina","Laccaria amethystina","Fungi","Basidiomycota","Agaricomycetes","Agaricales","Hydnangiaceae","Laccaria"
"Laccaria laccata","Laccaria laccata","Fungi","Basidiomycota","Agaricomycetes","Agaricales","Hydnangiaceae","Laccaria"
"Lactarius blennius","Lactarius blennius","Fungi","Basidiomycota","Agaricomycetes","Russulales","Russulaceae","Lactarius"
"Lactarius britannicus","Lactarius fulvissimus","Fungi","Basidiomycota","Agaricomycetes","Russulales","Russulaceae","Lactarius"
"Lactarius piperatus","Lactifluus piperatus","Fungi","Basidiomycota","Agaricomycetes","Russulales","Russulaceae","Lactifluus"
"Lactarius subdulcis","Lactarius subdulcis","Fungi","Basidiomycota","Agaricomycetes","Russulales","Russulaceae","Lactarius"
"Lepiota boudieri","Lepiota boudieri","Fungi","Basidiomycota","Agaricomycetes","Agaricales","Agaricaceae","Lepiota"
"Lepiota castanea","Lepiota castanea","Fungi","Basidiomycota","Agaricomycetes","Agaricales","Agaricaceae","Lepiota"
"Lepiota clypeolaria","Lepiota clypeolaria","Fungi","Basidiomycota","Agaricomycetes","Agaricales","Agaricaceae","Lepiota"
"Lepista irina","Lepista irina","Fungi","Basidiomycota","Agaricomycetes","Agaricales","Tricholomataceae","Lepista"
"Lepista nuda","Lepista nuda","Fungi","Basidiomycota","Agaricomycetes","Agaricales","Tricholomataceae","Lepista"
"Leptosphaeria biglobosa","Plenodomus biglobosus","Fungi","Ascomycota","Dothideomycetes","Pleosporales","Leptosphaeriaceae","Plenodomus"
"Lycoperdon pyriforme","Apioperdon pyriforme","Fungi","Basidiomycota","Agaricomycetes","Agaricales","Lycoperdaceae","Apioperdon"
"Marasmius alliaceus","Mycetinis alliaceus","Fungi","Basidiomycota","Agaricomycetes","Agaricales","Omphalotaceae","Mycetinis"
"Megacollybia platyphylla","Megacollybia platyphylla","Fungi","Basidiomycota","Agaricomycetes","Agaricales","Tricholomataceae","Megacollybia"
"Meripilus giganteus","Meripilus giganteus","Fungi","Basidiomycota","Agaricomycetes","Polyporales","Meripilaceae","Meripilus"
"Merulius tremellosus","Phlebia tremellosa","Fungi","Basidiomycota","Agaricomycetes","Polyporales","Meruliaceae","Phlebia"
"Metarhizium anisopliae","Metarhizium anisopliae","Fungi","Ascomycota","Sordariomycetes","Hypocreales","Clavicipitaceae","Metarhizium"
"Microdochium bolleyi","Microdochium bolleyi","Fungi","Ascomycota","Sordariomycetes","Amphisphaeriales","Amphisphaeriaceae","Microdochium"
"Microdochium majus","Microdochium majus","Fungi","Ascomycota","Sordariomycetes","Amphisphaeriales","Amphisphaeriaceae","Microdochium"
"Microdochium nivale","Microdochium nivale","Fungi","Ascomycota","Sordariomycetes","Amphisphaeriales","Amphisphaeriaceae","Microdochium"
"Microsphaeropsis sp",NA,"Fungi","Ascomycota","Dothideomycetes","Pleosporales","Montagnulaceae","Microsphaeropsis"
"Mortierella elongata","Linnemannia elongata","Fungi","Mucoromycota","Mortierellomycetes","Mortierellales","Mortierellaceae","Linnemannia"
"Mucidula mucida","Mucidula mucida","Fungi","Basidiomycota","Agaricomycetes","Agaricales","Physalacriaceae","Mucidula"
"Mucor hiemalis","Mucor hiemalis","Fungi","Mucoromycota","Mucoromycetes","Mucorales","Mucoraceae","Mucor"
"Mutinus caninus","Mutinus caninus","Fungi","Basidiomycota","Agaricomycetes","Phallales","Phallaceae","Mutinus"
"Mycena abramsii","Mycena abramsii","Fungi","Basidiomycota","Agaricomycetes","Agaricales","Mycenaceae","Mycena"
"Mycena galericulata","Mycena galericulata","Fungi","Basidiomycota","Agaricomycetes","Agaricales","Mycenaceae","Mycena"
"Mycena galopus","Mycena galopus","Fungi","Basidiomycota","Agaricomycetes","Agaricales","Mycenaceae","Mycena"
"Mycena inclinata","Mycena inclinata","Fungi","Basidiomycota","Agaricomycetes","Agaricales","Mycenaceae","Mycena"
"Mycena pelianthina","Mycena pelianthina","Fungi","Basidiomycota","Agaricomycetes","Agaricales","Mycenaceae","Mycena"
"Mycena rosea","Mycena rosea","Fungi","Basidiomycota","Agaricomycetes","Agaricales","Mycenaceae","Mycena"
"Naevala minutissima","Naevala perexigua","Fungi","Ascomycota","Leotiomycetes","Helotiales","Discinellaceae","Naevala"
"Panellus stipticus","Panellus stipticus","Fungi","Basidiomycota","Agaricomycetes","Agaricales","Mycenaceae","Panellus"
"Paraphaeosphaeria sporulosa","Paraphaeosphaeria sporulosa","Fungi","Ascomycota","Dothideomycetes","Pleosporales","Didymosphaeriaceae","Paraphaeosphaeria"
"Penicillium adametzii","Penicillium adametzii","Fungi","Ascomycota","Eurotiomycetes","Eurotiales","Aspergillaceae","Penicillium"
"Penicillium brevicompactum","Penicillium brevicompactum","Fungi","Ascomycota","Eurotiomycetes","Eurotiales","Aspergillaceae","Penicillium"
"Peziza arvernensis","Peziza arvernensis","Fungi","Ascomycota","Pezizomycetes","Pezizales","Pezizaceae","Peziza"
"Phaeoacremonium croatiense","Phaeoacremonium croatiense","Fungi","Ascomycota","Sordariomycetes","Togniniales","Togniniaceae","Phaeoacremonium"
"Phialocephala sp",NA,"Fungi","Ascomycota","Leotiomycetes","Helotiales","Mollisiaceae","Phialocephala"
"Pholiota lenta","Pholiota lenta","Fungi","Basidiomycota","Agaricomycetes","Agaricales","Strophariaceae","Pholiota"
"Phoma sp",NA,"Fungi","Ascomycota","Dothideomycetes","Pleosporales","Didymellaceae","Phoma"
"Plectosphaerella cucumerina","Plectosphaerella cucumerina","Fungi","Ascomycota","Sordariomycetes","Glomerellales","Plectosphaerellaceae","Plectosphaerella"
"Plicaturopsis faginea",NA,"Fungi","Basidiomycota","Agaricomycetes","Amylocorticiales","Amylocorticiaceae","Plicaturopsis"
"Pluteus cervinus","Pluteus cervinus","Fungi","Basidiomycota","Agaricomycetes","Agaricales","Pluteaceae","Pluteus"
"Pluteus salicinus","Pluteus salicinus","Fungi","Basidiomycota","Agaricomycetes","Agaricales","Pluteaceae","Pluteus"
"Pluteus thomsonii","Pluteus thomsonii","Fungi","Basidiomycota","Agaricomycetes","Agaricales","Pluteaceae","Pluteus"
"Polyporus leptocephalus","Cerioporus leptocephalus","Fungi","Basidiomycota","Agaricomycetes","Polyporales","Polyporaceae","Cerioporus"
"Psathyrella candolleana","Candolleomyces candolleanus","Fungi","Basidiomycota","Agaricomycetes","Agaricales","Psathyrellaceae","Candolleomyces"
"Pseudoclitocybe cyathiformis","Pseudoclitocybe cyathiformis","Fungi","Basidiomycota","Agaricomycetes","Agaricales","Pseudoclitocybaceae","Pseudoclitocybe"
"Pyrenophora lolii","Pyrenophora lolii","Fungi","Ascomycota","Dothideomycetes","Pleosporales","Pleosporaceae","Pyrenophora"
"Pyrenophora teres","Pyrenophora teres","Fungi","Ascomycota","Dothideomycetes","Pleosporales","Pleosporaceae","Pyrenophora"
"Pyrenophora tritici-repentis","Pyrenophora tritici-repentis","Fungi","Ascomycota","Dothideomycetes","Pleosporales","Pleosporaceae","Pyrenophora"
"Ramaria stricta","Ramaria stricta","Fungi","Basidiomycota","Agaricomycetes","Gomphales","Gomphaceae","Ramaria"
"Ramularia collo-cygni","Ramularia collo-cygni","Fungi","Ascomycota","Dothideomycetes","Mycosphaerellales","Mycosphaerellaceae","Ramularia"
"Ramularia endophylla","Mycosphaerella punctiformis","Fungi","Ascomycota","Dothideomycetes","Mycosphaerellales","Mycosphaerellaceae","Mycosphaerella"
"Rhizoctonia solani","Rhizoctonia solani","Fungi","Basidiomycota","Agaricomycetes","Cantharellales","Ceratobasidiaceae","Rhizoctonia"
"Rhodocollybia butyracea","Rhodocollybia butyracea","Fungi","Basidiomycota","Agaricomycetes","Agaricales","Omphalotaceae","Rhodocollybia"
"Russula acrifolia","Russula acrifolia","Fungi","Basidiomycota","Agaricomycetes","Russulales","Russulaceae","Russula"
"Russula curtipes","Russula curtipes","Fungi","Basidiomycota","Agaricomycetes","Russulales","Russulaceae","Russula"
"Russula ochroleuca","Russula ochroleuca","Fungi","Basidiomycota","Agaricomycetes","Russulales","Russulaceae","Russula"
"Russula romellii","Russula romellii","Fungi","Basidiomycota","Agaricomycetes","Russulales","Russulaceae","Russula"
"Russula solaris","Russula solaris","Fungi","Basidiomycota","Agaricomycetes","Russulales","Russulaceae","Russula"
"Russula velenovskyi","Russula velenovskyi","Fungi","Basidiomycota","Agaricomycetes","Russulales","Russulaceae","Russula"
"Sarocladium strictum","Sarocladium strictum","Fungi","Ascomycota","Sordariomycetes","Hypocreales","Sarocladiaceae","Sarocladium"
"Scleroderma bovista","Scleroderma bovista","Fungi","Basidiomycota","Agaricomycetes","Boletales","Sclerodermataceae","Scleroderma"
"Sordariomycetes sp",NA,"Fungi","Ascomycota","Sordariomycetes",NA,NA,NA
"Stereum rugosum","Stereum rugosum","Fungi","Basidiomycota","Agaricomycetes","Russulales","Stereaceae","Stereum"
"Strobilomyces strobilaceus","Strobilomyces strobilaceus","Fungi","Basidiomycota","Agaricomycetes","Boletales","Boletaceae","Strobilomyces"
"Stropharia caerulea","Stropharia caerulea","Fungi","Basidiomycota","Agaricomycetes","Agaricales","Strophariaceae","Stropharia"
"Tephrocybe boudieri","Lyophyllum boudieri","Fungi","Basidiomycota","Agaricomycetes","Agaricales","Lyophyllaceae","Lyophyllum"
"Thielaviopsis paradoxa","Ceratocystis paradoxa","Fungi","Ascomycota","Sordariomycetes","Microascales","Ceratocystidaceae","Ceratocystis"
"Tolypocladium sp",NA,"Fungi","Ascomycota","Sordariomycetes","Hypocreales","Ophiocordycipitaceae","Tolypocladium"
"Trichoderma gamsii","Trichoderma gamsii","Fungi","Ascomycota","Sordariomycetes","Hypocreales","Hypocreaceae","Trichoderma"
"Trichoderma hamatum","Trichoderma hamatum","Fungi","Ascomycota","Sordariomycetes","Hypocreales","Hypocreaceae","Trichoderma"
"Trichoderma harzianum","Trichoderma harzianum","Fungi","Ascomycota","Sordariomycetes","Hypocreales","Hypocreaceae","Trichoderma"
"Trichoderma velutinum","Trichoderma velutinum","Fungi","Ascomycota","Sordariomycetes","Hypocreales","Hypocreaceae","Trichoderma"
"Tricholoma album","Tricholoma album","Fungi","Basidiomycota","Agaricomycetes","Agaricales","Tricholomataceae","Tricholoma"
"Tricholoma orirubens","Tricholoma orirubens","Fungi","Basidiomycota","Agaricomycetes","Agaricales","Tricholomataceae","Tricholoma"
"Tricholoma sciodes","Tricholoma sciodes","Fungi","Basidiomycota","Agaricomycetes","Agaricales","Tricholomataceae","Tricholoma"
"Tricholoma sulphureum","Tricholoma sulphureum","Fungi","Basidiomycota","Agaricomycetes","Agaricales","Tricholomataceae","Tricholoma"
"Tricholoma ustale","Tricholoma ustale","Fungi","Basidiomycota","Agaricomycetes","Agaricales","Tricholomataceae","Tricholoma"
"Umbelopsis autotrophica","Umbelopsis autotrophica","Fungi","Mucoromycota","Umbelopsidomycetes","Umbelopsidales","Umbelopsidaceae","Umbelopsis"
"Verticillium alfalfae","Verticillium alfalfae","Fungi","Ascomycota","Sordariomycetes","Glomerellales","Plectosphaerellaceae","Verticillium"
"Verticillium isaacii","Verticillium isaacii","Fungi","Ascomycota","Sordariomycetes","Glomerellales","Plectosphaerellaceae","Verticillium"
"Xerocomus chrysenteron","Xerocomellus chrysenteron","Fungi","Basidiomycota","Agaricomycetes","Boletales","Boletaceae","Xerocomellus"
"Zymoseptoria ardabiliae","Zymoseptoria ardabiliae","Fungi","Ascomycota","Dothideomycetes","Mycosphaerellales","Mycosphaerellaceae","Zymoseptoria"
"Zymoseptoria passerinii","Zymoseptoria passerinii","Fungi","Ascomycota","Dothideomycetes","Mycosphaerellales","Mycosphaerellaceae","Zymoseptoria"
"Zymoseptoria pseudotritici","Zymoseptoria pseudotritici","Fungi","Ascomycota","Dothideomycetes","Mycosphaerellales","Mycosphaerellaceae","Zymoseptoria"
"Zymoseptoria tritici","Zymoseptoria tritici","Fungi","Ascomycota","Dothideomycetes","Mycosphaerellales","Mycosphaerellaceae","Zymoseptoria"
